,Name,VH_nuc,VH_AA,VL_nuc,VL_AA,Heavy_V_gene,Heavy_J_gene,Heavy_D_gene,Light_V_gene,Light_J_gene,CDRL1_AA,CDRL2_AA,CDRL3_AA,CDRH1_AA,CDRH2_AA,CDRH3_AA,VH Genbank ID,VL Genbank ID,PMID,Reference,Specificity,Binds to,Donor ID,Donor Status,PDB,clonotype
3724,100F4,CAGCTGCAGCTGCAGGAGTCGGGCCTAGGACTGGTGAAGCCTTCGGAGACCCTGTCCCTCACCTGCACTGTCTCTGGTGATTCCGTCAGTAGTGGGAGTTACTACTGGAGCTGGCTCCGGCAGCCCCCAGGGAAGGGACTGGAGTGGATTGGAAATATGCATGGCAGTGGGCACACCAATTACAACCCCTCCCTCAAGAGTCGGGTCACCATAACACCTGACACGTCCAAGAACCACTTCTCCCTGAGACTGAGCTCTGTGACCGCTGCGGACACGGCCGTGTATTACTGTGCGAGAGCCCTATTGACTACGGTGACTACGTTTGAGTATTGGGGCCAGGGAACCCTGGTCACCGTCTCCTCA,QLQLQESGLGLVKPSETLSLTCTVSGDSVSSGSYYWSWLRQPPGKGLEWIGNMHGSGHTNYNPSLKSRVTITPDTSKNHFSLRLSSVTAADTAVYYCARALLTTVTTFEYWGQGTLVTVSS,CAGTCTGTGCTGACGCAGCCGCCCTCAGTGTCTGGGGCCCCAGGGCAGAGGGTCACCATCTCCTGCACTGGGGGCAGCTCCAACATCGGGGCAGGTTATAGTGTACACTGGTACCAGCAGCTTCCAGGAACAGCCCCCAAACTCCTCATCTATGGTAGCAACAGTCGGCCCTCAGGGGTCCCTGACCGATTCTCTGGCTCCAAGTCTGGCACCTCAGCCTCCTTGGCCATCACTGGGCTCCGGCCTGAGGATGAGGCTGACTATTACTGCCAGTCCTATGACAGCAGCCTGAGTGGTTCGCAGGTCTTCGGAGCCGGGACCAGGGTCACCGTCCTA,QSVLTQPPSVSGAPGQRVTISCTGGSSNIGAGYSVHWYQQLPGTAPKLLIYGSNSRPSGVPDRFSGSKSGTSASLAITGLRPEDEADYYCQSYDSSLSGSQVFGAGTRVTVL,IGHV4-61*03,IGHJ4*02,IGHD4-17*01,IGLV1-40*01,IGLJ1*01,SSNIGAGYS,GSN,QSYDSSLSGSQV,GDSVSSGSYY,MHGSGHT,ARALLTTVTTFEY,JF274052.1,JF274053.1,22238297,Hu et al. J Virol 86:2978-2989 (2012),Group 1,HA:Head,Hu_H5N1_infected,H5N1-infected individual,,
3200,014_10_1D01,CAGGTGCAGCTGCAGGAGTCGGGCCCAGGACTGGTGAAGCCTTCACAGACTCTGTCCCTCATCTGCACTGTCTCTGGTGGCTCCGTCAGCAGTGGTAATCACTACTGGAGTTGGATCCGGCAGCCCGCCGGGAGAGGACTGGAGTGGATTGGGCGTATCTTTAGCGATGGGAGCACCTACTACCACCCCTCCCTCAAGAGTCGAGTCACCATGTCACTAGACACGTCCAAGAACCAGGTCTCCCTGAAACTGAGCTCTGTGACCGCCGCAGACACGGCCATGTATTATTGTGCGAGAGACTATAGTGGCTACGATTATTTGGCTTTTGATATCTGGGGCCAAGGGTCAATGGTCACCGTCTCTTCAG,QVQLQESGPGLVKPSQTLSLICTVSGGSVSSGNHYWSWIRQPAGRGLEWIGRIFSDGSTYYHPSLKSRVTMSLDTSKNQVSLKLSSVTAADTAMYYCARDYSGYDYLAFDIWGQGSMVTVSS,CAGTCTGTGCTGACTCAGCCACCCTCAGCGTCTGGGACCCCCGGGCAGAGGGTCACCATCTCTTGTTCTGGAGACAACTTCAACATCGGTAGGAATACTGTAAACTGGTACCAGCAACTCCCAGGAACGGCCCCCAAACTCCTCATCTATACTACTAATCAGCGGCCCTCAGGGGTCCCTGACCGATTCTCTGGCTCCCAGTCTGGCACCTCAGCCTCCCTGGCCATCAGTGGGCTCCAATCTGAGGATGAGGCTGATTACTACTGTGCAGCCTGGGATGACAGCCTGAGTGGTCTTTGGGTGTTCGGCGGAGGGACCAAGCTGACCGTCCTAG,QSVLTQPPSASGTPGQRVTISCSGDNFNIGRNTVNWYQQLPGTAPKLLIYTTNQRPSGVPDRFSGSQSGTSASLAISGLQSEDEADYYCAAWDDSLSGLWVFGGGTKLTVL,IGHV4-61*02,IGHJ3*02,IGHD5-12*01,IGLV1-44*01,IGLJ3*02,NFNIGRNT,TTN,AAWDDSLSGLWV,GGSVSSGNHY,IFSDGST,ARDYSGYDYLAFDI,KU167150.1,KU167424.1,26631631,Andrews et al. Sci Transl Med 7:316ra192 (2015),Group 1,HA:Head,PCWilson_donor_014,B-cells;Influenza Human Vaccinee,,
3472,H1N1_300-16-IgG-2E02_,CAGGTGCAGCTGGTGCAGTCTGGGGCTGAGGTGAAGAAGCCTGGGTCCTCGGTGAAAATCTCCTGCGAGGCTTCTGGAAATACGTTCACCAAATATGCGATCAGCTGGGTGCGACAGGCCCCTGGACAAGGCCTTGAGTGGATGGGAGGGATGAATCCTAACTTTGGGACAACAAACTACGCACAGAAATTTCAGGGCAGACTCACCATTACCGCGGACGAAAGAACGACCACAGCCTACATGGATCTGAGCAGCCTGAGACCGGACGACACGGCCGTCTATTACTGTGCGAGAGCGAAACTTCTGGGGGAAGTTTCGTTGGGACCCCCAGAGTTCTGGGGCCAGGGAACCCTGGTCACCGTCTCCTCA,QVQLVQSGAEVKKPGSSVKISCEASGNTFTKYAISWVRQAPGQGLEWMGGMNPNFGTTNYAQKFQGRLTITADERTTTAYMDLSSLRPDDTAVYYCARAKLLGEVSLGPPEFWGQGTLVTVSS,GACATCCAGATGACCCAGTCTCCATCCTCCCTGTCTGCGTCTATAGGAGACAGAGTCACCATCACTTGCCAGGCGAGTCAGGACATAAAAAAATATTTAAATTGGTATCAGCAGAAACCAGGGAAAGCCCCTAAACTCCTGATCTACGATGCATCCAGTTTGCAAACAGGGGTCCCATCAAGGTTCAGTGGAAGTGGATCTGGGACAGAATTCACTTTCACCATCAGCAGCCTGCAGCCTGAAGATATTGCAACATATTACTGTCAACAGTATCATAATCTCATTCCAATGGACACTTTTGGCCAGGGGACCAAGGTGGAGATCAAA,DIQMTQSPSSLSASIGDRVTITCQASQDIKKYLNWYQQKPGKAPKLLIYDASSLQTGVPSRFSGSGSGTEFTFTISSLQPEDIATYYCQQYHNLIPMDTFGQGTKVEIK,"IGHV1-69*01,IGHV1-69D*01","IGHJ4*02,IGHJ5*02","IGHD3-16*01,IGHD3-16*02","IGKV1-33*01,IGKV1D-33*01",IGKJ2*01,QDIKKY,DAS,QQYHNLIPMDT,GNTFTKYA,MNPNFGTT,ARAKLLGEVSLGPPEF,MW067407.1,MW067525.1,33298562,Dugan et al. Sci Transl Med 12:eabd3601 (2020),Group 1,HA:Head,PCWilson_donor_300,Infection,,
5368,S8V1-146_Ig,TCTGGGGCTGAGGTGAAGAAGCCTGGGGCCTCAGTGAAAGTTTCCTGCAAGGCATCTGGATACAAGTTCACCAATTATTATGTGCACTGGGTGCGACAGGCCCCTGGACAAGGGCTTGAGTGGATGGGAATAATCAACCCCCGTGAGTGGCTGGGCATAATGAACCCCCGTGCCGGCAAGACAGTTTTCGCACAGAAGTTTCAGGCCAGAGTCAGTGTGACCGCCGACACGTCCACGAGCACAGTCTCCATGGAATTGAATAGCCTGGGATATGAAGACACGGCCGTCTATTTCTGTGCGAGAGGCCACGATATTTTGACTGACTATCCCCACCTCCACTGGCTCGACTCCTGGGGCCAGGGAACCCTGGTCACCGTCTCCTCAG,SGAEVKKPGASVKVSCKASGYKFTNYYVHWVRQAPGQGLEWMGIINPREWLGIMNPRAGKTVFAQKFQARVSVTADTSTSTVSMELNSLGYEDTAVYFCARGHDILTDYPHLHWLDSWGQGTLVTVSS,TCCATCACCCCTGGAGAGTCGGCCTCCATCTCCTGTAGTTCTGCTCAGAGCCTCCTGCGTAGAGATGGATACAACTACTTGGATTGGTACCTGCGGAAGGCAGGGCAGCCTCCACAACTCCTGATCTATTTGGGTTCTACTCGGGCCTCCGGAGTCCCTGACAGGTTCAGTGGCAGTGGATCAGGCACAAATTTTACACTGAAAATTAGCAGAGCGGAGGCTGAGGATGTTGGGGTTTACTACTGCATGCAAGCTCTACAAATGCCGCTCACTTTCGGCGGAGGGACCCAGGTGGAGATCAAGC,SITPGESASISCSSAQSLLRRDGYNYLDWYLRKAGQPPQLLIYLGSTRASGVPDRFSGSGSGTNFTLKISRAEAEDVGVYYCMQALQMPLTFGGGTQVEI,"IGHV1-46*01,IGHV1-46*04","IGHJ5*01,IGHJ5*02",IGHD3-9*01,"IGKV2-28*01,IGKV2D-28*01",IGKJ4*01,QSLLRRDGYNY,LGS,MQALQMPLT,GYKFTNYY,INPREWLGIMNPRAGKT,ARGHDILTDYPHLHWLDS,MH681672.1,MH681683.1,31100267,Watanabe et al. Cell 177:1124-1135.e16 (2019),"Group 1,2",HA:Head,Harrison_donor_S8,Healthy donor,,
3337,SFV020_5C05,GTGCAGCTGGTGGAGTCTGGGGGAGGCGTGGTCCAGCCTGGGAGGTCCCTGAGACTCTCCTGTGCAGCCTCTGGATTCTCCTTCAGTAACTATGGCATACACTGGGTCCGCCAGGTTCCAGGCAAGGGACTGGAATGGGTTGCAGTTATATCACATGCTGGAGCTTATAAATACTATGCAGACTCCGTGAGGGGCCGATTCACCATCTCCAGAGACAATTCCAAGAACATTCTGTATCTACAAATGAACAGCCTGAGAGTGGAGGACACGGCTGTATATTACTGTGCGACACTGGGTGGGGATATTGTTGTAGTATCAGCTGAAAGGTCGGGCTACTACTACGGTTTGGACGTCTGGGGCCAAGGGACCACGGTCACCGTCTCCTCAG,VQLVESGGGVVQPGRSLRLSCAASGFSFSNYGIHWVRQVPGKGLEWVAVISHAGAYKYYADSVRGRFTISRDNSKNILYLQMNSLRVEDTAVYYCATLGGDIVVVSAERSGYYYGLDVWGQGTTVTVSS,GACATCCAGATGACCCAGTCTCCTTCCACCCTGTCTGCATCTGTAGGAGACAGAGTCACCATCACTTGCCGGGCCAGTCAGAGTATTAGTAACAGGTTGGTCTGGTATCAGCAAAAACCAGGGACAGCCCCTAAACTCCTGATCTATCAGGCGTCCACTTTAGAAGGTGAAGTCCCATCCAGGTTCAGCGGCAGTGGCTCTGGGACAGAATTCACTCTCACCATCACCAGCCTGCAGCCTGATGATTTGGCGACTTATTTCTGCCAACAATATAATACTAATTCTAGGACGTTCGGCCAAGGGACCAAGGTGGAGATCAAAC,DIQMTQSPSTLSASVGDRVTITCRASQSISNRLVWYQQKPGTAPKLLIYQASTLEGEVPSRFSGSGSGTEFTLTITSLQPDDLATYFCQQYNTNSRTFGQGTKVEIK,"IGHV3-30*03,IGHV3-30*18,IGHV3-30-5*01",IGHJ6*02,"IGHD2-2*01,IGHD2-2*02,IGHD2-2*03",IGKV1-5*03,IGKJ1*01,QSISNR,QAS,QQYNTNSRT,GFSFSNYG,ISHAGAYK,ATLGGDIVVVSAERSGYYYGLDV,KU167286.1,KU167402.1,26631631,Andrews et al. Sci Transl Med 7:316ra192 (2015),Group 1,HA:Head,PCWilson_donor_SFV020,B-cells;Influenza Human Vaccinee,,
3493,C05,CAGGTGCAGCTACAGGAGTCGGGGGGAGGCCTGGTACAGCCTGGGGAGTCCCTGAGACTCTCGTGTGTCGGTTCTGGATCGTCCTTTGGTGAATCCACCTTAAGTTATTATGCCGTGAGCTGGGTCCGCCAGGCTCCAGGGAAGGGGCTGGAGTGGCTCTCCATTATTAATGCTGGTGGTGGTGACATAGATTATGCAGACTCCGTGGAGGGCCGGTTTACAATCTCCAGAGACAATTCCAAGGAGACACTGTATCTTCAAATGACCAACCTCAGAGTCGAGGACACGGGCGTCTATTACTGTGCGAAGCATATGTCGATGCAGCAGGTGGTTTCGGCGGGGTGGGAACGAGCAGACCTTGTGGGCGATGCTTTTGATGTGTGGGGCCAAGGCACCCTGGTCACCGTCTCGAGC,QVQLQESGGGLVQPGESLRLSCVGSGSSFGESTLSYYAVSWVRQAPGKGLEWLSIINAGGGDIDYADSVEGRFTISRDNSKETLYLQMTNLRVEDTGVYYCAKHMSMQQVVSAGWERADLVGDAFDVWGQGTLVTVS,GACATCCAGTTGACCCAGTCTCCATCCTCCCTGTCTGCATCTGTGGGAGACAGAGTCACCCTCACTTGCCAGGCGAGTCAGGACATTAGAAAGTTTTTAAATTGGTATCAGCAGAAACCAGGGAAAGGCCCTAAACTCCTGATCTACGATGCATCCAATTTGCAAAGAGGGGTCCCATCAAGGTTTAGTGGAGTGGATCTGGGACAGATTTCACTCTCATCATCAGTAGCCTGCAGCCTGAAAGATGTTGGTACATATTACTGTCAACAGTATGATGGTCTCCCGTTCACTTTCGGCGGAGGAACCAAGCTGGAAATCAAA,DIQLTQSPSSLSASVGDRVTLTCQASQDIRKFLNWYQQKPGKGPKLLIYDASNLQRGVPSRFSGVDLGQISLSSSVACSLKDVGTYYCQQYDGLPFTFGGGTKLEIK,"IGHV3-23*01,IGHV3-23*04,IGHV3-23D*01",IGHJ3*01,IGHD6-13*01,"IGKV1-33*01,IGKV1D-33*01",IGKJ4*01,QDIRKF,DAS,QQYDGLPFT,GSSFGESTLSYYA,INAGGGDI,AKHMSMQQVVSAGWERADLVGDAFDV,JX206996.1,JX206997.1,22982990,Ekiert et al. Nature 489:526-532 (2012),"Group 1,2",HA:Head,Turkish_patients,Infection,"4FNL, 4FP8, 4FQR",
3236,029_09_3A02,AGGTGCAGCTGGTGCAGTCTGGGGCTGAGGTGAAGAAGCCTGGGGCCTCAGTGAAGGTCTCCTGCAAGGCTTCTGGATACATCTTCACCGGCTACTATATGGAGTGGGTGCGACAGGCTCCTGGACAAGGGCTTGAGTGGATGGGCTGGATCAACCCTAATACTGGTGTCACCAAATATGCACAGAAGTTTCAGGGCCGGGTCACCATGACCAGGGACACGTCCCTCAGCACAGCCTACATGGAACTGATCAATCTGAGATCTGACGACACGGCCATATATTATTGTGCGAAAGATCGGGCGTGGCTGGTCTATGATGATGGTTCTGATGTCTGGGGCCAGGGGACAATGGTCACCGTCTCTTCAG,VQLVQSGAEVKKPGASVKVSCKASGYIFTGYYMEWVRQAPGQGLEWMGWINPNTGVTKYAQKFQGRVTMTRDTSLSTAYMELINLRSDDTAIYYCAKDRAWLVYDDGSDVWGQGTMVTVSS,TCCTATGAGCTGACTCAGCCACCCTCAGTGTCCGTGTCCCCAGGACAGACAGCCATCATCACCTGCTCTGGAGATATATTGGGGGATACATATGCCTGTTGGTATCAACAAAAGCCAGGCCAGTCCCCTGTGCTGGTCATCTATCACGATTTCAAGCGGCCCTCAGGGATCCCTGAGCGATTCTCTGGCTCCAACTCTGGGAAGACAGCCACTCTGACCATCACCGGGACCCAGGCTATGGATGAGGCTGACTATTTCTGTCAGACGTGGGACGGCGGCGCTTTGTTCGGCGGAGGGACCAAGCTGACCGTCCTAG,SYELTQPPSVSVSPGQTAIITCSGDILGDTYACWYQQKPGQSPVLVIYHDFKRPSGIPERFSGSNSGKTATLTITGTQAMDEADYFCQTWDGGALFGGGTKLTVL,"IGHV1-2*02,IGHV1-2*04",IGHJ3*01,IGHD6-19*01,IGLV3-1*01,IGLJ3*02,ILGDTY,HDF,QTWDGGAL,GYIFTGYY,INPNTGVT,AKDRAWLVYDDGSDV,KU167186.1,KU167440.1,26631631,Andrews et al. Sci Transl Med 7:316ra192 (2015),Group 1,HA:Head,PCWilson_donor_029,B-cells;Influenza Human Vaccinee,,
5507,D1_H1-17_H3-14,CAGGTGCAGCTGCAGGAGTCGGGCCCCGGACTGGTGAAGCCTTCGGAGAGCCTGTCCCTCACCTGCAGTGTCTCTGGTGGCTCCGTCAGCAGTAATCTACACTACTGGAGCTGGATCCGGCAGCTCCCAGGGAAGGGACTGGAGTGGATTGGATATATCTCTTATACTGGGAGCACCAAGTACAACCCCTCCCTCAATGGTCGAGTCACCTTGTCAATAGACGCGTCCAAGAACCAGTTCTCCCTGGAGCTGAGCTCTGTGACCGCTGCGGACACGGCCGTATATTACTGTGCGAGAGATTTTTTTGAGAAGTTGATCGCCGACGACCTTAATGCTTTTGATATTTGGGGTCAGGGGACTATGGTCACCGTCTCTTCA,QVQLQESGPGLVKPSESLSLTCSVSGGSVSSNLHYWSWIRQLPGKGLEWIGYISYTGSTKYNPSLNGRVTLSIDASKNQFSLELSSVTAADTAVYYCARDFFEKLIADDLNAFDIWGQGTMVTVSG,GACATCCGGGTGACCCAGTCTCCATCCTCCCTGTCTGCATCTGTAGGAGACAGAGTCACCATCACTTGCCGGGCAAGTCAGAGCATTAGCAGGTCTTTAAATTGGTATCAACAGAGGCCAGGGAAGGCCCCTAAGTTCCTGATCTATGCTGCATCCAATTTGCAAAGTGGGGTCCCATCAAGGTTCAGTGGCGGTGGCTCTGGGACAGACTTCACTCTCACCATCAGCAGTCTGCAACCTGAAGATTTTGCAACTTACTACTGTCAAGAGACTTACAGTAGGACGTTCGGCCAAGGGACCAAGGCGGACATCAAA,DIRVTQSPSSLSASVGDRVTITCRASQSISRSLNWYQQRPGKAPKFLIYAASNLQSGVPSRFSGGGSGTDFTLTISSLQPEDFATYYCQETYSRTFGQGTKADIK,"IGHV4-61*01,IGHV4-61*08",IGHJ3*02,"IGHD3-3*01,IGHD3-3*02","IGKV1-39*01,IGKV1D-39*01",IGKJ1*01,QSISRS,AAS,QETYSRT,GGSVSSNLHY,ISYTGST,ARDFFEKLIADDLNAFDI,KX882691.1,KX882692.1,"34060327, 27820605",McCarthy et al. mBio 12:e0114421 (2021); Lee et al. Nat Med 22:1456-1464 (2016),"Group 1,2",HA:Head,Georgiou_donor_D1,Vaccinated,6XPQ,
4748,K77-2H12,GAAGTGCAGCTGGTGGAATCGGGGGGAGGCTTGGTCCAGCCTGGGGGGTCCCTGAGACTCTCCTGTGCAGCCTCTGGATTCACCTTCACTAACTATTGGATGACCTGGGTCCGCCAGGCTCCAGGCAAGGGGCTGGAGTGGGTGGCCAACATAAAGCAAGATGGAAGTGACAAAAACTATGTGGACTCTTTGAAGGGCCGGTTCACCATCTCCAGAGACAACGCCAAGAAGTCACTGTTTCTGCAAATGAACAGCCTGGGGGCCGAGGACACGGCCGTCTATTACTGTGCGAGAGACTTCAGTGACTTCGGTGACCTTTACTTTGACTACTGGGGCCAGGGAGCCCTGGTCACCGTCTCCTCAG,EVQLVESGGGLVQPGGSLRLSCAASGFTFTNYWMTWVRQAPGKGLEWVANIKQDGSDKNYVDSLKGRFTISRDNAKKSLFLQMNSLGAEDTAVYYCARDFSDFGDLYFDYWGQGALVTVSS,CAGTCTGCCCTGACTCAGCCTCGCTCGGTGTCCGGGTCTCCTGGACAGTCAGTCACCGTCTCCTGCACTGGAACCAGAAGTGATGTTGGTGGTTATAATTATGTCTCCTGGTACCAACAACACCCAGGCAAAGCCCCCAAACTCATAATTTATGATGTCAGTGAGCGGCCCTCAGGGGTCCCTGATCGCTTCTCTGGCTCCAAGTCTGGCAACACGGCCTCCCTGACCATCTCTGGGCTCCAGGCTGAGGATGAGGCTGATTATTACTGCTGCTCATATGCAGGCAGCTACACTTGGGTGTTCGGCGGAGGGACCAAGCTGACTGCCATCG,QSALTQPRSVSGSPGQSVTVSCTGTRSDVGGYNYVSWYQQHPGKAPKLIIYDVSERPSGVPDRFSGSKSGNTASLTISGLQAEDEADYYCCSYAGSYTWVFGGGTKLT,IGHV3-7*03,IGHJ4*02,IGHD4-17*01,IGLV2-11*01,IGLJ3*02,RSDVGGYNY,DVS,CSYAGSYTWV,GFTFTNYW,IKQDGSDK,ARDFSDFGDLYFDY,MK311455.1,MK312035.1,30659197,Liu et al. Nat Commun 10:324 (2019),Flu B,HA:Head,Melbourne_donor_K77,2015 IIV3 vaccination,,
3231,024_10_4C04,GAGGTGCAGCTGGTGCAGTCTGGAGCAGAGGTGAAAAAGCCCGGGGAGTCTCTGAAGATCTCCTGTAAGGGTTCTGAATACAGCTTTTCCAATTACTGGATCGGCTGGGTGCGCCAGATGTCCGGGAAGGGCCTGGAGTGGATGGGGATCATCTATCCTGATGACTCTGATACCAGATACAGTCCGTCCTTCCAAGGCCAGGTCACCATCTCAGCCGACAAGTCCATCAGTACCGCCTACCTGCAGTGGAGCAGCCTGAAGGCCTCGGACACCGCCATGTATTATTGTGTGAGACATTCCGATGCCCACAGTACGAACCCCGACCCTCCCTTCTACTTCCGCTTCGCTATGGACGTCTGGGGCCAAGGGACCACGGTCACCGTCTCCTCA,EVQLVQSGAEVKKPGESLKISCKGSEYSFSNYWIGWVRQMSGKGLEWMGIIYPDDSDTRYSPSFQGQVTISADKSISTAYLQWSSLKASDTAMYYCVRHSDAHSTNPDPPFYFRFAMDVWGQGTTVTVSS,CAGTCTGTGCTGACTCAGCCGCCCTCAGTGTCTGGGGCCCCAGGGCAGAGGGTCATCATCTCCTGCACTGGGAATAACTCCAACATCGGGGCAGGTCATGATGTACACTGGTACCAACAGGTTCCAGGAACAGCCCCCAAACTCCTCATCTTTGGTAACAAGAATCGGCCCTCAGGGGTCCCTGACCGATTCTCTGGCTCCAAGTCTGGCTCCTCAGCCTCCCTGGCCATCACTGGGCTCCAGGCTGCGGATGAGGCTGATTATTACTGCCAGTCCTATGACAACAGCCTCAGCCTCAGTCACTATTGGGTGTTCGGCGGAGGGACCAAGGTGACCGTCCTAG,QSVLTQPPSVSGAPGQRVIISCTGNNSNIGAGHDVHWYQQVPGTAPKLLIFGNKNRPSGVPDRFSGSKSGSSASLAITGLQAADEADYYCQSYDNSLSLSHYWVFGGGTKVTVL,IGHV5-51*01,IGHJ6*02,"IGHD2/OR15-2a*01,IGHD2/OR15-2b*01,IGHD4-11*01",IGLV1-40*01,IGLJ3*02,NSNIGAGHD,GNK,QSYDNSLSLSHYWV,EYSFSNYW,IYPDDSDT,VRHSDAHSTNPDPPFYFRFAMDV,KU167181.1,KU167437.1,26631631,Andrews et al. Sci Transl Med 7:316ra192 (2015),Group 1,HA:Head,PCWilson_donor_024,B-cells;Influenza Human Vaccinee,,
3680,150055-008_3F01,GAGGTGCAGCTGGTGGAGTCGGGGGGAGGGTTGGTGCTGCCTGGCAGGTCCCTGACACTCTCCTGTGTAGCCTCTGGATTCACCTATGACGATTATGCCATGCACTGGGTCCGGCAAGTTCCAGGGAAGGGCCTGGAGTGGGTCGCAGGTATCAGTTGGGACAGTGTAAGTATAGGCTATGAAGACTCGTTGAGGGGCCGATTCACCATCTCCAGAGACAACGCCAAGAACTCCTTATATCTACAAATTAACAGTCTCAGAGATGAGGACACGGCCTTCTATTACTGTGCAAAACAGGGAGAGATGAGGGGCTACGACTACCGCCTTCACTGGTTTTTCGATCTCTGGGGCCGTGGCACCCTGGTCACCGTCTCCTCA,EVQLVESGGGLVLPGRSLTLSCVASGFTYDDYAMHWVRQVPGKGLEWVAGISWDSVSIGYEDSLRGRFTISRDNAKNSLYLQINSLRDEDTAFYYCAKQGEMRGYDYRLHWFFDLWGRGTLVTVSS,GAAATTGTGTTGACACAGTCTCCAGGCACCCTGTCTTTGTCTCCAGGGGAAAGAGCCACCCTCTCCTGCAGGGCCAGTCAGAGTGTTAGCAGCCACTTAGTCTGGTACCAAATGAAACCTGGCCAGGCTCCCAGGCTCCTCATCTATGGTGCATCCAGCAGGGCCACTGGCATCCCAGACAGGTTCAGTGGCAGTGGGTCTGGGACAGACTTCACTCTCAATATCAGGAGGCTGGAGCCTGAAGATTTTGCAGTTTATTTCTGTCAGCAGTTTGAGGATTTACCGATCACCTTCGGCCGAGGGACACGACTGGAGATTAAA,EIVLTQSPGTLSLSPGERATLSCRASQSVSSHLVWYQMKPGQAPRLLIYGASSRATGIPDRFSGSGSGTDFTLNIRRLEPEDFAVYFCQQFEDLPITFGRGTRLEIK,"IGHV3-9*01,IGHV3-9*02",IGHJ2*01,IGHD5-12*01,IGKV3-11*01,IGKJ5*01,QSVSSH,GAS,QQFEDLPIT,GFTYDDYA,ISWDSVSI,AKQGEMRGYDYRLHWFFDL,MN267264.1,MN267341.1,31434733,Henry et al. J Virol 93:e01150-19 (2019),Flu B,HA:Head,PCWilson_donor_150055-008,Vaccinated with 2015–2016 FluBlok,,
4784,R95-1E05,CAGGTGCAGCTGGTGCAGTCTGGGCCTGAGGTGAAGAAGCCTGGGTCCTCGGTGAAGGTCTCCTGCAAGGCATCTGCAGACACCTTCAGCAGTTATGGTTTCAGCTGGGTGCGGCAGGCCCCTGGACAAGGATTTGAGTGGATGGGAGGAATCATCCCTGCCTTTGGTACAACAAACTACCCACAGAGGTTCCAGGACAGAGTCACCATTACCGCGGACGAATCCACGAGAACAGTTTACATGGAACTGAGCAGCCTGAGATCTGAGGACACGGCCATGTTTTACTGTGCGAGAGATTCCCCCCCGTGGGGAGATGTCAACAATAATGATGCTTTTGATATCTGGGGCCAAGGGACAATGGTCACCGTCTCTTCAG,QVQLVQSGPEVKKPGSSVKVSCKASADTFSSYGFSWVRQAPGQGFEWMGGIIPAFGTTNYPQRFQDRVTITADESTRTVYMELSSLRSEDTAMFYCARDSPPWGDVNNNDAFDIWGQGTMVTVSS,GATGTTGTGATGACTCAGTCTCCACTCTCCCTGCCCGTCACCCTTGGACAGCCGGCCTCCATCTCCTGCAGGTCTAGTCAAAGCCTCGTATACACTGATGGAAACACCTACTTAAATTGGTTTCAGCAGAGGCCAGGCCAATCTCCAAGGCGCCTAATTTACAAGGTTTCTAACCGGGACTCTGGGGTCCCAGACAGATTCAGCGGCAGTGGGTCAGGCACTGATTTCACACTGAAAATCAGCAGGGTGGAGGCTGAGGATGTTGGGGTTTATTACTGCATGCAAGCTACAGACTGGCCTTCGATCACCTTCGGCCAAGGGACACGACTGGAGATCAAAC,DVVMTQSPLSLPVTLGQPASISCRSSQSLVYTDGNTYLNWFQQRPGQSPRRLIYKVSNRDSGVPDRFSGSGSGTDFTLKISRVEAEDVGVYYCMQATDWPSITFGQGTRLEIK,"IGHV1-69*01,IGHV1-69D*01",IGHJ3*02,IGHD5-24*01,IGKV2-30*01,IGKJ5*01,QSLVYTDGNTY,KVS,MQATDWPSIT,ADTFSSYG,IIPAFGTT,ARDSPPWGDVNNNDAFDI,MK311745.1,MK311976.1,30659197,Liu et al. Nat Commun 10:324 (2019),Flu B,HA:Head,Melbourne_donor_R95,2015 IIV3 vaccination,,
3313,051_09_5B06,GAGGTGCAGCTGGTGGAGTCTGGGGGAGGCTTGGTGAAGCCTGGGGGGTCCCTTAGACTCTCCTGTGCAGCCTCTGGATTCCCCATCAGTATTGGTTGGACGACTTGGGTCCGCCAGGCTCCAGGCAAGGGGCTGGAGTGGGTTGGCCTTATGAAGAGCGATAATGGTGGTGGGGCAACACTCTACGCTGCACCCATGAAGGGCAGATTCTCCATCTCCAGAGATGATTCAAAGAACACTGTATATCTGCAAATGGACAGACTCGAAACCGAGGACACAGGCATTTATTATTGTTCCTCGACTGCCGACCGCGATTACTATGATACTGCTGGATTCTTGGACTTCTGGGGCCCGGGAACCCTGGTCACCGTCTCCTCAG,EVQLVESGGGLVKPGGSLRLSCAASGFPISIGWTTWVRQAPGKGLEWVGLMKSDNGGGATLYAAPMKGRFSISRDDSKNTVYLQMDRLETEDTGIYYCSSTADRDYYDTAGFLDFWGPGTLVTVSS,GATATTGTGATGACTCAGTCTCCACTCTCCCTGACCGTCACACCTGGAGAGTCGGCCTCCATTTCCTGCAGGTCTAGTCAGAACGTCCAGCATAGCAATGGATACAACTATTTGCATTGGTACCTGCAGAAGCCAGGGCAGTCTCCACGACTCCTGATCTATTTGGGTTCTAATCGGGCCTCCGGGGTCCCTGACAGGTTCAGTGGCAGTGGATCAGGCACAGATTTTACACTGAAGATCAGCAGAGTGGAGGCTGACGATGTTGGGGTTTATTACTGTATGCAAGCTCTACAAACCAGAACTTTCGGCGGAGGGACCAAGGTGGAAATCAAAC,DIVMTQSPLSLTVTPGESASISCRSSQNVQHSNGYNYLHWYLQKPGQSPRLLIYLGSNRASGVPDRFSGSGSGTDFTLKISRVEADDVGVYYCMQALQTRTFGGGTKVEIK,"IGHV3-15*01,IGHV3-15*05",IGHJ4*02,IGHD3-22*01,"IGKV2-28*01,IGKV2D-28*01",IGKJ4*01,QNVQHSNGYNY,LGS,MQALQTRT,GFPISIGW,MKSDNGGGAT,SSTADRDYYDTAGFLDF,KU167262.1,KU167387.1,26631631,Andrews et al. Sci Transl Med 7:316ra192 (2015),Group 1,HA:Head,PCWilson_donor_051,B-cells;Influenza Human Vaccinee,,
3198,014_10_1B04,TGCAGCTGCAGGAGTCGGGCCCAGGACTGGTGAAGCCTTCGGAGACCCTGTCCCTCACCTGCACTGTCTCTGGTGGCTCCATCAGCGGTACTAGTTACTACCGGGTCTGGATCCGCCAGCCCCCAGGGAAGGGGCTGGAGTGGATTGGGAGTATATATTATAGTGGGAGCACACACTACAGCCCGTCCCTCAAGAGTCGAGTCACCATAACCGAAGACACGTCCAAGAACCAGTTCTCCCTGAAGATGATCTCTGTGACCGCAGCAGACGCGGCTGTGTATTACTGTGCGACAGGGCCCAATTTCGAGGCTTTTGATCTCTGGGGCCAAGGGACAATGGTCACCGTCTCTTCAG,QLQESGPGLVKPSETLSLTCTVSGGSISGTSYYRVWIRQPPGKGLEWIGSIYYSGSTHYSPSLKSRVTITEDTSKNQFSLKMISVTAADAAVYYCATGPNFEAFDLWGQGTMVTVSS,CAGTCTGCCCTGACTCAGCCTCGCTCAGTGTCCGGGTCTCCTGGACAGTCAGTCACCATCTCCTGCACTGGAACCAGCAGTGATGTTGGTGGTTATAACTATGTCTCCTGGTACCAACAACACCCAGGCAAAGCCCCCAAACTCATGATTTATGATGTCAGTAACCGGCCCTCAGGGGTCCCTGATCGCTTCTCTGGCTCCAAGTCTGGCAACACGGCCTCCCTGACCATCTCTGGGCTCCAGGCTGAGGATGAGGCTGATTATTACTGCTGCTCATATGTAGGCAGTAACACTTTTTATGTGATATTCGGCGGAGGGACCAAGCTGACCGTCCTAG,QSALTQPRSVSGSPGQSVTISCTGTSSDVGGYNYVSWYQQHPGKAPKLMIYDVSNRPSGVPDRFSGSKSGNTASLTISGLQAEDEADYYCCSYVGSNTFYVIFGGGTKLTVL,IGHV4-39*01,"IGHJ3*01,IGHJ3*02",IGHD5-24*01,IGLV2-11*01,"IGLJ2*01,IGLJ3*01",SSDVGGYNY,DVS,CSYVGSNTFYVI,GGSISGTSYY,IYYSGST,ATGPNFEAFDL,KU167148.1,KU167422.1,26631631,Andrews et al. Sci Transl Med 7:316ra192 (2015),Group 1,HA:Head,PCWilson_donor_014,B-cells;Influenza Human Vaccinee,,
3690,150055-015_1D02,GAGGTGCAGCTGGTGGAGTCTGGGGGAGGATTGGAACAGCCTGGCAGGTCCCTCAGACTCTCCTGTGAAGCCTCTGGATTCACCTTTGATGAGTATGCCATGCACTGGGTCCGGCAAGCGCCAGGGAAGGGCCTGGAGTGGGTCTCAGGTATTAGTTGGAGTAGTGGTGTCATAGGCTATGCGGACTCTGTGAGGGGCCGATTCACCATCTCCAGAGACAACGCCAAGAACTCCCTCTATTTGCAAATGAACAGTCTGACAGGTGAGGACACGGCCTTATATTACTGTGCAAAAGATTCTGTTGCCGAAACCGCCATCCGAGGATACTACTTTGACTACTGGGGCCAGGGAACCCTGGTCACCGTCTCCTCA,EVQLVESGGGLEQPGRSLRLSCEASGFTFDEYAMHWVRQAPGKGLEWVSGISWSSGVIGYADSVRGRFTISRDNAKNSLYLQMNSLTGEDTALYYCAKDSVAETAIRGYYFDYWGQGTLVTVSS,GACATCCAGATGACCCAGTCTCCATCCACCCTGTCTGCATCTGTAGGAGACAGAGTCACCATCACTTGCCGGGCCAGTCAGTATATTAGTAGGTGGTTGGCCTGGTATCAGCAGAAGCCAGGGAAAGCCCCTAACCTCCTGATCTATGATGCCTCCAGTTTGGAAACTGGGGTCCCATCAAGGTTCAGCGGCAGTGGATCTGGGACAGAATTCACTCTCACCATTAACAGCCTGCAGCCTGATGATTTTGCAACTTATTATTGCCAACAGTATCATAGTTTGTCCGCGCTCACCTTCGGCGGAGGGACCAAGGTGGAGATCAAA,DIQMTQSPSTLSASVGDRVTITCRASQYISRWLAWYQQKPGKAPNLLIYDASSLETGVPSRFSGSGSGTEFTLTINSLQPDDFATYYCQQYHSLSALTFGGGTKVEIK,IGHV3-9*01,IGHJ4*02,"IGHD1-14*01,IGHD2-15*01,IGHD2-2*01",IGKV1-5*01,"IGKJ4*01,IGKJ4*02",QYISRW,DAS,QQYHSLSALT,GFTFDEYA,ISWSSGVI,AKDSVAETAIRGYYFDY,MN267233.1,MN267309.1,31434733,Henry et al. J Virol 93:e01150-19 (2019),Flu B,HA:Head,PCWilson_donor_150055-015,Vaccinated with 2015–2016 Flucelvax,,
3720,150055-037_2G02,GAGGTGCAGCTGGTGGAGTCTGGGGGAGGCTTGGTACAGCCTGGCAGGTCCCTGAGACTCTCCTGTGCAGCCTCTGGATTCACCTTTGATGATTATACCATGCACTGGGTCCGGCAAGCTCCAGGGAGGGGCCTGGAGTGGGTCTCAAGTATTAATTGGGTCAGTAGTACCGTAGGCTATGCGGACTCTGTGAAGGGCCGATTCACCATCTCCAGAGACAACGCCAAGAACTCCCTGTATCTGCAAATGAACAGTCTGAGACCTGAAGATACGGCCTTATATTACTGTGCAAGAGACCGCCGCACGGATGCAACTATGGACTACTACTTCTATTCCGCTATGGACGTCTGGGGCCGAGGGACCACGGTCACCGTCTCCTCA,EVQLVESGGGLVQPGRSLRLSCAASGFTFDDYTMHWVRQAPGRGLEWVSSINWVSSTVGYADSVKGRFTISRDNAKNSLYLQMNSLRPEDTALYYCARDRRTDATMDYYFYSAMDVWGRGTTVTVSS,GACATCCAGATGACCCAGTCTCCATCCTCCCTGTCTGCATCTGTAGGAGACAGAGTCACCATCACTTGCCAGGCGAGTCAGGACATTAGCAAGTATTTAAATTGGTATCAGCAGAAACCAGGGAAAGCCCCTAAGCTCCTGATCTACGATGCATCCACTTTGGAAACAGGGGTCCCATCAAGGTTCAGTGGAAGTGCATCTGGGACAGATTTTACTTTCACCATCAGTAACCTGCAGCCTGAAGATATTGCAACATATTACTGTCAGCAGTATGATAATCTGCCTATCACCTTCGGCCAAGGGACACGACTGGAGATTAAA,DIQMTQSPSSLSASVGDRVTITCQASQDISKYLNWYQQKPGKAPKLLIYDASTLETGVPSRFSGSASGTDFTFTISNLQPEDIATYYCQQYDNLPITFGQGTRLEIK,IGHV3-9*01,IGHJ6*02,"IGHD5-18*01,IGHD5-5*01","IGKV1-33*01,IGKV1D-33*01",IGKJ5*01,QDISKY,DAS,QQYDNLPIT,GFTFDDYT,INWVSSTV,ARDRRTDATMDYYFYSAMDV,MN267259.1,MN267338.1,31434733,Henry et al. J Virol 93:e01150-19 (2019),Flu B,HA:Head,PCWilson_donor_150055-037,Vaccinated with 2015–2016 FluBlok,,
3697,150055-023_2E04,CAGGTGCAGCTGCAGGAGTCGGGCCCAAGACTGGTGAAGCCTTCGGAGACCCTGTCCCTCACCTGCGCTGTCTCTGGTTACTCCATCAGCAATTACTACTGGGGCTGGATCCGGCAGCCCCCAGGGAAGGGACTGGAGTGGATTGGGAGTTTGAATCATAGGGGGAACACCTTCTACAGCCCGTCTCTCAAGAGTCGCGTCACCATATCAGTAGACACGTCCAAGAACCACTTCTCCCTGAAAGTGAACTCTGTGACCGCCGCAGACACGGCCGTGTATTACTGTGCGAGGGGTAATTACTATGACGTCGACCTGAAACTATTCTACTTTGACTACTGGGGCCAGGGAACCCTGGTCACCGTCTCCTCA,QVQLQESGPRLVKPSETLSLTCAVSGYSISNYYWGWIRQPPGKGLEWIGSLNHRGNTFYSPSLKSRVTISVDTSKNHFSLKVNSVTAADTAVYYCARGNYYDVDLKLFYFDYWGQGTLVTVSS,GACATCCAGATGACCCAGTCTCCATCCTCCCTGTCTGCATCTGTAGGAGACAGAGTCACCATCACTTGCCGGGCAAGCCAGAACATTAAGACCTATTTAAATTGGTATCAGCAGAAACCAGGGAAAGCCCCTAATCTCCTGATCTATGGAGCATCCAGTTTGGAAAGTGGGGTCCCATCAAGGTTCAGTGGCAGTGGATCTGGGACAGAGTTCACTCTCACCATCAGCAGTCTGCAACCTGAAGATTTTGCAACTTACTACTGTCAACAGAGTTACAAAATGTTCACTTTCGGCGGAGGGACCAAGGTGGAGATCAAA,DIQMTQSPSSLSASVGDRVTITCRASQNIKTYLNWYQQKPGKAPNLLIYGASSLESGVPSRFSGSGSGTEFTLTISSLQPEDFATYYCQQSYKMFTFGGGTKVEIK,IGHV4-38-2*01,IGHJ4*02,IGHD3-22*01,"IGKV1-39*01,IGKV1D-39*01",IGKJ4*01,QNIKTY,GAS,QQSYKMFT,GYSISNYY,LNHRGNT,ARGNYYDVDLKLFYFDY,MN267252.1,MN267331.1,31434733,Henry et al. J Virol 93:e01150-19 (2019),H1,HA:Head,PCWilson_donor_150055-023,Vaccinated with 2015–2016 FluBlok,,
4821,R95-2A08,GAAGTGCAGCTGGTGGAGTCTGGGGGAGGCTTGGTCCAGCCTGGGGGGTCCCTGAGACTCTCCTGTGCAGCCTCTGGATTCATCGTCAATAAGAATCACATGAACTGGGTCCGCCAGGCTCCAGGGAAGGGTCTGGAGTGGGTCTCAGTCATCTATAGTGGTGGGAATCCATACCACGCAGACTCCGTGGAGGGCAGATTCACCATCTCCAGAGACATTTCCAAGAACACTGTGCATCTTCAAATGAATAGTCTGGGAGCCGAGGACACGGCTGTCTATTACTGTGCGAGAGATGGCGGTGGCTGGTATGTCAATGATGCTTTTGATATCTGGGGCCAAGGGACAACGGTCACCGTCTCTTCAG,EVQLVESGGGLVQPGGSLRLSCAASGFIVNKNHMNWVRQAPGKGLEWVSVIYSGGNPYHADSVEGRFTISRDISKNTVHLQMNSLGAEDTAVYYCARDGGGWYVNDAFDIWGQGTTVTVSS,CAGTCTGCCCTGACTCAGCCTGCCTCCGTGTCTGGGTCTCCTGGACAGTCGATCACCATCTCCTGCACTGGAACCAGCAGTGACATTGGTGGTTATAACTATGTCTCCTGGTACCAGCAACACCCAGGCAAAGCCCCCAAGCTCATCATTTTTGAGGTCACTACTCGGCCCTCAGGGATTTCTAATCGCTTCTCTGGCTCCAAGTCTGGCAACACGGCCTCCCTGACCATCTCTGGACTCCAGGCTGAGGACGAGGCTGATTATTATTGCAGTTCATATAGAAGCACCACCGATGTGCTGTTCGGCGGAGGGACCAAGGTGACCGTCCTAG,QSALTQPASVSGSPGQSITISCTGTSSDIGGYNYVSWYQQHPGKAPKLIIFEVTTRPSGISNRFSGSKSGNTASLTISGLQAEDEADYYCSSYRSTTDVLFGGGTKVTVL,IGHV3-66*01,IGHJ3*02,IGHD6-19*01,"IGLV2-14*01,IGLV2-14*03",IGLJ3*02,SSDIGGYNY,EVT,SSYRSTTDVL,GFIVNKNH,IYSGGNP,ARDGGGWYVNDAFDI,MK311816.1,MK312143.1,30659197,Liu et al. Nat Commun 10:324 (2019),Flu B,HA:Head,Melbourne_donor_R95,2015 IIV3 vaccination,,
3353,FISW-k.01,CAGGTCACCTTGAGGGAGTCTGGTCCTGCGCTGGTGAAACCCACACAGACCCTCACACTGACCTGCACCTTCTCTGGGTTCTCACTCAGCACTAGTGGAATGTGTGTGAGCTGGATCCGTCAGCCCCCAGGGAAGGCCCTGGAGTGGCTTGCACTCATTGATTGGGATGACGGTACATTTTACAGCACATCTCTGAAGACCAGGCTCACCATCTCCAAGGACACCTCCAAAAGCCAGGTGGTCCTTACAATGACCAACATGGGCCCTGTGGACACAGGCACCTATTACTGTGCACGGAAACTATACGGTGACTACTCGGACTGGTTCGACTATTGGGGCCAGGGAATCCTGGTCACCGTCTCCTCAG,QVTLRESGPALVKPTQTLTLTCTFSGFSLSTSGMCVSWIRQPPGKALEWLALIDWDDGTFYSTSLKTRLTISKDTSKSQVVLTMTNMGPVDTGTYYCARKLYGDYSDWFDYWGQGILVTVSS,TCCTATGAGCTGACTCAGCCGCTCTCAGTGTCAGTGGCCCTGGGACAGACGGCCAGGATTACCTGTGGGGGAAACAACATTGGAAGTAAAAATGTGCACTGGTACCAGCAGAAGCCAGGCCAGGCCCCTGTGCTGGTCATCTATAGGGATAGCAATCGGCCCTCTGGGATCCCTGAGCGATTCTCTGGCTCCAACTCGGGGAACACGGCCACCCTGACCGTCAGCAGAGCCCAAGCCGGGGATGAGGCTGACTATTACTGTCAGCTGTCGGACAGCAGCATTGTGGTATTCGGCGGAGGGACCAAGCTGACCGTCCTAG,SYELTQPLSVSVALGQTARITCGGNNIGSKNVHWYQQKPGQAPVLVIYRDSNRPSGIPERFSGSNSGNTATLTVSRAQAGDEADYYCQLSDSSIVVFGGGTKLTVL,"IGHV2-70*01,IGHV2-70*17","IGHJ5*01,IGHJ5*02",IGHD4-17*01,IGLV3-9*01,"IGLJ2*01,IGLJ3*01",NIGSKN,RDS,QLSDSSIVV,GFSLSTSGMC,IDWDDGT,ARKLYGDYSDWFDY,MT755760.1,MT755788.1,32877670,Cheung et al. Cell Rep 32:108088 (2020),Group 1,HA:Head,Lanzavecchia_donor_FISW,human vaccinees,,
3692,150055-015_1G03,GAGGTGCAGCTGGTGGAGACTGGAGGAGGCTTGATCCAGCCTGGGGGGTCCCTGAGACTCTCCTGTGCAGCCTCTGGGTTCATCGTCAGTAGCAACTACATGAGCTGGGTCCGCCAGGCTCCAGGGAAGGGGCTGGAGTGGGTCTCAGTTATTTATGGTGGTAGTAGCACATACTACGCAGACTCCGTGAAGGGCCGATTCATCATCTCCAGAGACAATTCCAAGAGCACGCTGTATCTTCAAATGAACAGCCTGAGAGCCGAGGACACGGCCGTGTATTACTGTGCGAGGGGGCCTGCGGATATAGTAGCAGCTGGTACTTACCCCTACTACTACTACGCTATGGACGTCTGGGGCCAAGGGACCACGGTCACCGTCTCCTCA,EVQLVETGGGLIQPGGSLRLSCAASGFIVSSNYMSWVRQAPGKGLEWVSVIYGGSSTYYADSVKGRFIISRDNSKSTLYLQMNSLRAEDTAVYYCARGPADIVAAGTYPYYYYAMDVWGQGTTVTVSS,GACATCCAGATGACCCAGTCTCCAGACTCCCTGGCTGTGTCTCTGGGCGAGAGGGCCACCATCAACTGCAAGTCCAGCCAGAGTGTTTTATACAGCTCCAACAATAAGAACTACTTAGCTTGGTACCAGCAGAAACCAGGACAGCCTCCTAAGCTGCTCATTTACTGGGCATCTACCCGGGAATCCGGGGTCCCTGACCGATTCAGTGGCAGCGGGTCTGGGACAAATTTCACTCTCACCATCCGCAGCCTGCAGGCTGAAGATGTGGCAGTTTATTACTGTCAGCAATATTACATTACTCCGTACACTTTTGGCCAGGGGACCAAGGTGGAAATCAAA,DIQMTQSPDSLAVSLGERATINCKSSQSVLYSSNNKNYLAWYQQKPGQPPKLLIYWASTRESGVPDRFSGSGSGTNFTLTIRSLQAEDVAVYYCQQYYITPYTFGQGTKVEIK,IGHV3-53*02,IGHJ6*02,IGHD6-13*01,IGKV4-1*01,IGKJ2*01,QSVLYSSNNKNY,WAS,QQYYITPYT,GFIVSSNY,IYGGSST,ARGPADIVAAGTYPYYYYAMDV,MN267236.1,MN267322.1,31434733,Henry et al. J Virol 93:e01150-19 (2019),H3,HA:Head,PCWilson_donor_150055-015,Vaccinated with 2015–2016 Flucelvax,,
3706,150055-029_2B03,CAGGTGCAGCTGCAGGAGTCGGGCCCAGGACTGGTGAAGCCTTCACAGACCCTTTCCCTCACCTGCACTGTCTCTGGTGCCTCCGTCGGCAGTGGTACTTACTACTGGACCTGGATCCGCCAGCGCCCAGGGACGGGCCTGGAGTGGATTGGGTACATCTATGACAGTGGGACCACCTACTACAACCCGTCCCTCAGGAGTCGGCTCATCATATCATCAGACACGTCTACGAATCACTTCTCCCTGAACCTGAAGTCTGTGACTGCCGCTGACACGGCCGTCTATTACTGTGCGCGAGTGGGCCACGGTGACTATGTTGGGTACCTTGACTACTGGGGCCAGGGAATCCTGGTCACCGTCTCCTCA,QVQLQESGPGLVKPSQTLSLTCTVSGASVGSGTYYWTWIRQRPGTGLEWIGYIYDSGTTYYNPSLRSRLIISSDTSTNHFSLNLKSVTAADTAVYYCARVGHGDYVGYLDYWGQGILVTVSS,TCCTATGAGCTGACTCAGCCACTCTCAGTGTCAGTGGCCCTGGGACAGACGGCCAGGATTACCTGTGGGGGAAGCAACATTGGAAGTAAAAATGTGCACTGGTACCAACAGAAGCCAGGCCAGGCCCCTATTCTGGCCATCTATAGGGATAATAACCGGCCCTCTGGGATCCCTGAGCGATTCTCTGGCTCCAACTCGGGGAACACGGCCACCCTAATCATCAGCAGAGCCCAAGCCGGGGATGAGGCGGACTATTATTGTCAGGTGTGGGACACCAGCATTGCTGTGGTATTCGGCGGAGGGACCAAGCTGACCGTCCTA,SYELTQPLSVSVALGQTARITCGGSNIGSKNVHWYQQKPGQAPILAIYRDNNRPSGIPERFSGSNSGNTATLIISRAQAGDEADYYCQVWDTSIAVVFGGGTKLTVL,IGHV4-31*03,IGHJ4*02,IGHD4-17*01,IGLV3-9*01,"IGLJ2*01,IGLJ3*01",NIGSKN,RDN,QVWDTSIAVV,GASVGSGTYY,IYDSGTT,ARVGHGDYVGYLDY,MN267223.1,MN267302.1,31434733,Henry et al. J Virol 93:e01150-19 (2019),H1,HA:Head,PCWilson_donor_150055-029,Vaccinated with 2015–2016 Flucelvax,,
3491,13001-22_3E05,GAGGTGCAGCTGGTGGAGTCTGGGGGAGGCTTGGTACAGCCTGGGGGGTCCCTGAGACTCTCCTGTGCAGCCTCTGGATTCACCTTCAGTAGTTACGACATGCACTGGGTCCGCCAAGCTGCGGGAAAAGGTCTGGAGTGGGTCTCAGCTATTGGTACTGCTGGTGACCCATACTATCCTGGCTCCGTGAAGGGCCGATTCACCATCTCCAGAGAAAATGCCAAGAACTCCTTGTATCTTCAATTGAACAGCCTGAGAGCCGGGGACACGGCTGTGTATTACTGTGCAAGGGGGGTAGCGGCGTCTTTGGTTCCCCGGAGGTACTACTACGGTTTGGACGTCTGGGGCCAAGGGACCACGGTCACCGTCTCCTCA,EVQLVESGGGLVQPGGSLRLSCAASGFTFSSYDMHWVRQAAGKGLEWVSAIGTAGDPYYPGSVKGRFTISRENAKNSLYLQLNSLRAGDTAVYYCARGVAASLVPRRYYYGLDVWGQGTTVTVSS,TCCTATGAGCTGACTCAGCCACCCTCAGTGTCCGTGTCCCCAGGACAGACAGCCAGCATCACCTGCTCTGGAGATATGTTGGGGGATAAATATGCTTGTTGGTATCAGCAGAAGCCAGGCCAGTCCCCTGTGCTGGTCATCTATGAAGATACTAAGCGGCCCTCAGGGATCCCTGAGCGATTCTCTGGCTCCAACTCTGGGAACACAGCCACTCTGACCATCAGCGGGACCCAGGCAATGGATGAGGCTGATTATTACTGTCAGGCGTGGACCGGCAGCACTCCCGTGGTATTCGGCGGAGGGACCAAGCTGACCGTCCTAG,SYELTQPPSVSVSPGQTASITCSGDMLGDKYACWYQQKPGQSPVLVIYEDTKRPSGIPERFSGSNSGNTATLTISGTQAMDEADYYCQAWTGSTPVVFGGGTKLTVL,IGHV3-13*05,IGHJ6*02,"IGHD2-15*01,IGHD3-10*01,IGHD6-25*01",IGLV3-1*01,"IGLJ2*01,IGLJ3*01",MLGDKY,EDT,QAWTGSTPVV,GFTFSSYD,IGTAGDP,ARGVAASLVPRRYYYGLDV,KU987557.1,KU987558.1,27281570,Dunand et al. Cell Host Microbe 19:800-813 (2016),Group 2,HA:Head,PCWilson_H7N9_vaccinees,Four healthy individuals were primed with either one or two doses of a live attenuated cold-adapted influenza A/Anhui/1/2013 (H7N9) vaccine and boosted 12 weeks later with an inactivated virus vaccine based on the closely related A/Shanghai/2/2013 (H7N9) strain (Sanofi Pasteur),,
5367,S5V2-52_Ig,TCGGGCCCAGGACTGGTGAAGCCTTCGGAGACCCTGTCCCTCACCTGCACTGTCTCTGGTGACTCCGTCAACAATAAAATTTATTACTGGAGCTGGATCCGGCAGACCGCAGGGAGGGGACTGGAGTGGATTGGGTCTCTGTCTGCCAGTGGGAGCAGCAACTACAACCCCTCCCTCAAGAGTCGAGTCACCATATTACTACACACGTCCGAGAACCAGTTCTCCCTGAAGTTGACCTCTGTGACCGCTGCAGACACGGCCGTCTTTTACTGTGCGAGAGGGGGTATTGAGGATCTTTTCCTGGGGACTTCTAATCAACGGATCTGGTACTTCGATGTCTGGGGCCGTGGCACCCAAGTCACTGTCTCCTCA,SGPGLVKPSETLSLTCTVSGDSVNNKIYYWSWIRQTAGRGLEWIGSLSASGSSNYNPSLKSRVTILLHTSENQFSLKLTSVTAADTAVFYCARGGIEDLFLGTSNQRIWYFDVWGRGTQVTVSS,TCTGCATCTGTAGGAGACAGAGTCACCATCACTTGCCGGGCAAGTCAGAGCATTGGCGACTCTTTAAATTGGTATCAACAGAAGTCAGGGAGAGCCCCTAACCTCCTGATGTATGCTGCATCCAATTTGCAAAGTGGGGTCCCATCAAGGTTCAGTGGGAGTGGATCTGGGACAGACTTCACTCTCACCATCAGCAGTCTGCAACCTGAAGACTTTGCAATTTACTACTGTCAACATCAGGTGTCTTTTGGCCGGGGGACCAAGTTGGAGATCAGA,SASVGDRVTITCRASQSIGDSLNWYQQKSGRAPNLLMYAASNLQSGVPSRFSGSGSGTDFTLTISSLQPEDFAIYYCQHQVSFGRGTKLEI,"IGHV4-61*01,IGHV4-61*10",IGHJ2*01,IGHD7-27*01,"IGKV1-39*01,IGKV1D-39*01","IGKJ2*01,IGKJ2*02",QSIGDS,AAS,QHQVS,GDSVNNKIYY,LSASGSS,ARGGIEDLFLGTSNQRIWYFDV,MH681667.1,MH681678.1,31100267,Watanabe et al. Cell 177:1124-1135.e16 (2019),"Group 1,2",HA:Head,Harrison_donor_S5,Healthy donor,,
5477,FluA-152,CAGGTCACCTTGAGGGAGTCTGGTCCTGCGCTGGTGAAACCCACACAGACCCTCACACTGACCTGCACCTTCTCTGGGTTCTCACTCAGCACTAGTGGAATGTGTGTGAGTTGGATCCGTCAGCCCCCAGGGAAGGCCCTGGAGTGGCTTGCACGCATTGATTGGGGTGATGATAAATACTACAGCACATCTCTGAAGACCAGGCTCACCATCTCCAAGGACACCTCCAAGAACCAGGTGGTCCTAAGAATGATCAACATGGACCCTGTGGACACAGCCACTTATTACTGTGCACGGACTCACGCCGAGCGTCTCTACACTTCAGACTATTACTACTATGCTATGGACGTCTGGGGCCAAGGGACCACGGTCACCGTCTCCTCA,QVTLRESGPALVKPTQTLTLTCTFSGFSLSTSGMCVSWIRQPPGKALEWLARIDWGDDKYYSTSLKTRLTISKDTSKNQVVLRMINMDPVDTATYYCARTHAERLYTSDYYYYAMDVWGQGTTVTVSS,GACATCCAGATGACCCAGTCTCCATCCTCCCTGTCTGCATCTGTAGGAGACAGAGTCACCATCACTTGCCGGGCAAGTCAGAGCATTAGCAACTATTTAAATTGGTATCAGCAGAAACCAGGGAAAGCCCCTAAGCTCCTGATCTATGTTGCATCCAATTTGCAAACTGGGGTCCCATCAAGGTTCAGTGGCAGTGGATCTGGGACAGATTTCAGTCTCACCATCAGCAGTCTGCAACCTGAAGATTTTGCAACTTATTACTGTCAGCAGACTTACAGTAGTCTCACTTTCGGCCAAGGGACACGACTGGCGATTAAA,DIQMTQSPSSLSASVGDRVTITCRASQSISNYLNWYQQKPGKAPKLLIYVASNLQTGVPSRFSGSGSGTDFSLTISSLQPEDFATYYCQQTYSSLTFGQGTRLAIK,IGHV2-70*15,IGHJ6*02,"IGHD4-11*01,IGHD4-4*01,IGHD5-24*01","IGKV1-39*01,IGKV1D-39*01",IGKJ5*01,QSISNY,VAS,QQTYSSLT,GFSLSTSGMC,IDWGDDK,ARTHAERLYTSDYYYYAMDV,MZ328332.1,MZ328333.1,34156974,Zost et al. J Clin Invest 131:e146791 (2021),"Group 1,2",HA:Head,Crowe_donor_269,"a healthy donor with prior history of many seasonal influenza vaccinations, H5N1 vaccination, and H7N9 vaccination",,
3438,240-14-IgG_1A06,CAGGTCACCTTGAAGGAGTCTGGACCTGTGCTGGTGAAACCCACAGAGACCCTCACGCTGACCTGCACCGTCTCTGGATTCTCACTCAGCAACATTATAATGGGTGTGAGCTGGATCCGTCAGCCCCCAGGAAGGGCCCTGGAGTGGCTTGCACACATTACTTCGAAGGACGAAAAATCGTACAGCACATCTTTGAAGAAAAGGCTCACCATCTCCAAGGACACCTCCAAAAGCCAGGTGGTCCTTATCATGGCCAACATGGACCCTGCGGACACAGCCACATATTACTGTACACGCATAAGGTGGGACTGTGGTGGTGATTGCTATTGGACCCATGACTTCTGGGGCCAGGGAACCCTGGTCACCGTCTCCTCA,QVTLKESGPVLVKPTETLTLTCTVSGFSLSNIIMGVSWIRQPPGRALEWLAHITSKDEKSYSTSLKKRLTISKDTSKSQVVLIMANMDPADTATYYCTRIRWDCGGDCYWTHDFWGQGTLVTVSS,TCCTATGAGCTGACACAGCCACCCTCAGTGTCCGTGTCCCCAGGACAGACAGCCAGAATCACCTGCTCTGGGGGAAGATTGGGGGATACATTTGCTTCCTGGTATCAACAGAGGCCAGGCCAGGCCCCTGTGTTGGTCATCTATCGTGATACGATGCGGCCCTCAGGGATCCCTGAGCGGTTCTCTGGCTCCAACTCTGGGCACGCAGCCACTCTGACCATCAGCGGGACGCAGACTATGGATGAGGCTGACTACTACTGTCAGGTGTGGGACACCAGCGCCAGCGCACATGTCTTCGGAACTGGGACCACGGTCACCGTCCTA,SYELTQPPSVSVSPGQTARITCSGGRLGDTFASWYQQRPGQAPVLVIYRDTMRPSGIPERFSGSNSGHAATLTISGTQTMDEADYYCQVWDTSASAHVFGTGTTVTVL,IGHV2-26*01,IGHJ4*02,IGHD2-21*01,IGLV3-1*01,IGLJ1*01,RLGDTF,RDT,QVWDTSASAHV,GFSLSNIIMG,ITSKDEK,TRIRWDCGGDCYWTHDF,MW079612.1,MW079720.1,33298562,Dugan et al. Sci Transl Med 12:eabd3601 (2020),"Group 1,2",HA:Head,PCWilson_donor_240,vaccinated human donors,,
3725,3C11,CAGGTTCAGCTGGTGCAGTCTGGAGCAGAGGTGAAAGAGACCGGGGAGTCTCTGAATATCTCCTGTAAGGTTTCTGGAAACAATTTCCCCAGTTACTATATCAGTTGGGTGCGCCAGATGCCCGGGAACGGCCTGGAGTGGATGGGGAGAATTGATCCTAGTGACTCTGATACCAACTACAGGCCGTCCTTCCAAGGCCACGTCACCATCTCAGCTGACAAGTCCACCAGCACTGCCTACCTGCAGTGGCGCAGTCTGAAGGCCTCGGACACCGCCATGTATTACTGTGCGAGACGCGCTACGTATTACTATGGTTCGGGGAGTTACTTTGATGCTTTTGATATCTGGGGCCAAGGGACAATGGTCACCGTCTCTTCA,QVQLVQSGAEVKETGESLNISCKVSGNNFPSYYISWVRQMPGNGLEWMGRIDPSDSDTNYRPSFQGHVTISADKSTSTAYLQWRSLKASDTAMYYCARRATYYYGSGSYFDAFDIWGQGTMVTVSS,GAAATAGTGATGACGCAGTCTCCACTCACCCTGCCCGTCACCCCTGGAGCGCCGGCCTCCATCTCCTGCAGGTCTAGTCAGAGCCTCCTGCATAGTGATGGATACAACTATTTGGATTGGTACCTACAGAAGCCAGGGCAGTCTCCACAACTCCTGATCTATTTGGGTTCTCATCGGGCCTCCGGGGTCCCTGACAGGTTCAGTGGCAGTGGATCAGGCACAGATTTTACACTGAAAATCAGCAGAGTGGAGGCTGAGGATGTTGGGGTTTATTACTGCATGCAGGCTCTACAAACTCCGGATTTCGGCCAAGGGACACGACTGGAGATTAAA,EIVMTQSPLTLPVTPGAPASISCRSSQSLLHSDGYNYLDWYLQKPGQSPQLLIYLGSHRASGVPDRFSGSGSGTDFTLKISRVEAEDVGVYYCMQALQTPDFGQGTRLEIK,IGHV5-10-1*01,IGHJ3*02,IGHD3-10*01,"IGKV2-28*01,IGKV2D-28*01",IGKJ5*01,QSLLHSDGYNY,LGS,MQALQTPD,GNNFPSYY,IDPSDSDT,ARRATYYYGSGSYFDAFDI,JF274048.1,JF274049.1,22238297,Hu et al. J Virol 86:2978-2989 (2012),Group 1,HA:Head,Hu_H5N1_infected,H5N1-infected individual,,
3333,SFV019_4E01,CAGGTGCAGCTGCAGGAGTCGGGCCCAGGACTGCTGAAGCCTTCGGAGACCCTGTCCCTCACCTGCACTGTCTCTGGTGGCTCCATCAGTAAATATTACTGGACCTGGATCCGGCAGCCCCCAGGGAAGACACTGGAGTGGATTGGATATGTCCATTATGCCTTTTATATTGGGGCCACCAATTATAACCCCTCCCTCAAGAGTCGAGTCACCATATCAGTAGACACGGCCAAGAACCAGGTCTCCCTTAGGTTGACCTCTGTGACCGCTGCGGACACGGCCGTTTATTACTGTGTGAGAGCAGACGGTGACTCCGAGGGGTTCGGGTACCACTACGGAATGGACGTCTGGGGCCGGGGGACCACGGTCACCGTCTCCTCAG,QVQLQESGPGLLKPSETLSLTCTVSGGSISKYYWTWIRQPPGKTLEWIGYVHYAFYIGATNYNPSLKSRVTISVDTAKNQVSLRLTSVTAADTAVYYCVRADGDSEGFGYHYGMDVWGRGTTVTVSS,GACATCCAGATGACCCAGTCTCCATCCTCCCTGTCTGCATCTGTAGGAGACAGAGTCACCATCACTTGCCGGGCAAGTCAGGGCATTGGAAATGACTTAGCCTGGTATCAACAGAAACTAGGGACAGCCCCTAAGCGCCTGATTTATGATGCATCCAGTTTGCAAAGTGGGGTCCCATCGAGATTCAGCGGCAGTGGATCTGGGACAGAATTCACTCTCACAATCAGCAGCCTGCAGCCTGAAGATTTTGCAACTTATTACTGCCTACAACATAATGATTACCCTCTGACGTTCGGCCAAGGGACCAAGGTGGAAATCAAAC,DIQMTQSPSSLSASVGDRVTITCRASQGIGNDLAWYQQKLGTAPKRLIYDASSLQSGVPSRFSGSGSGTEFTLTISSLQPEDFATYYCLQHNDYPLTFGQGTKVEIK,IGHV4-59*01,IGHJ6*02,IGHD4-17*01,IGKV1-17*01,IGKJ1*01,QGIGND,DAS,LQHNDYPLT,GGSISKYY,VHYAFYIGAT,VRADGDSEGFGYHYGMDV,KU167282.1,KU167399.1,26631631,Andrews et al. Sci Transl Med 7:316ra192 (2015),Group 1,HA:Head,PCWilson_donor_SFV019,B-cells;Influenza Human Vaccinee,,
3229,019_10_4A03,GAGGTGCAGCTGGTGGAGTCTGGGGGAGGCGTGGTGAAGCCGGGGGGGTCCCTTAGACTCTCCTGTGCAGCCTCTGGAATCGATTTCTTTAACGCCTGGATGAGCTGGGTCCGCCAGGCTCCAGGGAAGGGACTACAGTGGGTTGGCCACATTAGGAGTCTAACTGATGGTGGGACAACAGACTACGCTGCTCCCGGGAAAGGCAGATTCACCATCTCGAGAGATGACTCACAAAACACACTGTATCTCCAAATGGAAAGCCTGAGAACCGACGACACAGCCGTGTATTACTGTACCACTGACTACGGTGACTACCTTAACGGGGGGCGCTGGGGCCAGGGAACCCTGGTCACCGTCTCCTCAG,EVQLVESGGGVVKPGGSLRLSCAASGIDFFNAWMSWVRQAPGKGLQWVGHIRSLTDGGTTDYAAPGKGRFTISRDDSQNTLYLQMESLRTDDTAVYYCTTDYGDYLNGGRWGQGTLVTVSS,GATATTGTGATGACTCAGTCTCCACTCTCCCTGTCCGTCACCCCTGGAGAGCCGGCCTCCATCTCCTGCAGGTCCAGTCAGAGCCTCCTGCGTAATAATGAATTCAACTATTTGGATTGGTACCTGCAGAAGCCAGGGCAGTCTCCACAGGTCCTGATCTATTTTGGTTCTCATCGGGCCTCCGGGGTCCCTGACAGGTTCAGTGGCAGTGGATCAGGCACAAGTTTTACACTGAGAATCAACAGAGTGGAGGCTGAGGATGTTGGGGTTTATTACTGCATGCAAGCTCTACAAACTCCGTACACTTTTGGCCAGGGGACCAAGGTGGAAATCAAAC,DIVMTQSPLSLSVTPGEPASISCRSSQSLLRNNEFNYLDWYLQKPGQSPQVLIYFGSHRASGVPDRFSGSGSGTSFTLRINRVEAEDVGVYYCMQALQTPYTFGQGTKVEIK,IGHV3-15*01,"IGHJ4*02,IGHJ5*02",IGHD4-17*01,"IGKV2-28*01,IGKV2D-28*01",IGKJ2*01,QSLLRNNEFNY,FGS,MQALQTPYT,GIDFFNAW,IRSLTDGGTT,TTDYGDYLNGGR,KU167179.1,KU167320.1,26631631,Andrews et al. Sci Transl Med 7:316ra192 (2015),Group 1,HA:Head,PCWilson_donor_019,B-cells;Influenza Human Vaccinee,,
3318,051_10_2A05,GAGGTGCAGCTGGTGGAGTCTGGGGGAGGCTTGGTCCAGCCTGGGGGGTCCCTGAGACTCTCCTGTGCAGCCTCTGGATTCATCTTTAGTAGCTATTGGATGAGTTGGGTCCGCCAGGCTCCAGGGAAGGGGCTGGAGTGGGTGGCCAACATAAACCAAGGTGGAAGTGAGAAACAGTATGTGGACTCTGTGAAGGGCCGATTCACCATCTCCAGAGACAACGCCAAGAAGTCACTGTTTCTGCAAATGAACAGACTGAGAGCCGAGGACACGGCTGTGTATTATTGTGTGAGAGTTGGGGCCTACGGTGACACGTACCACGACTACTACGGTATGGACGTCTGGGGCCAAGGGACCACGGTCACCGTCTCCTCA,EVQLVESGGGLVQPGGSLRLSCAASGFIFSSYWMSWVRQAPGKGLEWVANINQGGSEKQYVDSVKGRFTISRDNAKKSLFLQMNRLRAEDTAVYYCVRVGAYGDTYHDYYGMDVWGQGTTVTVSS,TCCTATGAGCTGACACAGGCACCCTCGGTGTCAGTGGCCCCAGGACAGACGGCCAGGATTACATGTGGGGGAAACAACATTGGAAGTAAAAGTGTCCAGTGGTACCAGCAGAAGCCAGGCCAGGCCCCTGTGATGGTCGTCTTTGATGGCAGTGACCGGCCCTCAGGGATCCCTGAGCGGTTCTCTGGCGCCAACTCTGGGAACACGGCCACCCTGACCATCAGCAGGGTCGAAGCCGGGGATGAGGCCGACTATCACTGTCAGGTGTGGGATAGTAGTAGTGAGCGTCATGTGGTGTTCGGCGGAGGGACCAAGCTGACCGTCCTAG,SYELTQAPSVSVAPGQTARITCGGNNIGSKSVQWYQQKPGQAPVMVVFDGSDRPSGIPERFSGANSGNTATLTISRVEAGDEADYHCQVWDSSSERHVVFGGGTKLTVL,IGHV3-7*01,IGHJ6*02,IGHD4-17*01,IGLV3-21*02,"IGLJ2*01,IGLJ3*01",NIGSKS,DGS,QVWDSSSERHVV,GFIFSSYW,INQGGSEK,VRVGAYGDTYHDYYGMDV,KU167267.1,KU167451.1,26631631,Andrews et al. Sci Transl Med 7:316ra192 (2015),Group 1,HA:Head,PCWilson_donor_051,B-cells;Influenza Human Vaccinee,,
3207,014_10_3A02,AGGTGCAGCTGGTGCAGTCTGGGGCTGAGGTGAAGAAGCCTGGGGCCTCAGTGAAGGTCTCCTGCAAGGCTTCTGGATACACCTTCACCGGCTACTATATTCAGTGGGTGCGACAGGCCCCTGGACAAGGGCTTGAGTGGATGGGATGGATCAACCCTAACAGTGGTGGCACAAACTATGCACAGAGCTTTCAGGGCAGGGTCACCATGACGAGAGACACGTCCGTCAACACAGCCTACATGGAGCTGAACAGGCTGAAATCTGACGACACGGCCATTTATTACTGTGCGAGAGACGACTATCCTGACTACGAGGTCTACTGGGGCCAGGGAACCCTGGTCACCGTCTCCTCAG,VQLVQSGAEVKKPGASVKVSCKASGYTFTGYYIQWVRQAPGQGLEWMGWINPNSGGTNYAQSFQGRVTMTRDTSVNTAYMELNRLKSDDTAIYYCARDDYPDYEVYWGQGTLVTVSS,GAAATTGTGTTGACACAGTCTCCAGCCACCCTGTCTTTGTCTCCAGGGGAAAGAGCCACCCTCTCCTGCAGGGCCAGTCAGAGTGTTAGCAGCTACTTAGACTGGTACCAACAGAAACCTGGCCAGGCTCCCAGGCTCCTCATCTATGATGCATCCACCAGGGCCACTGGCATCCCATCCAAATTCAGTGGCGGTGGGTCTGGGACAGACTTCACTCTCACCATCAGCAGCCTAGAGCCTGAAGATTTTGCAGTTTATTACTGTCAGCAGCGTGGCAACTGGCTGTGGACGTTCGGCCAAGGGACCAAGGTGGAAATCAAAC,EIVLTQSPATLSLSPGERATLSCRASQSVSSYLDWYQQKPGQAPRLLIYDASTRATGIPSKFSGGGSGTDFTLTISSLEPEDFAVYYCQQRGNWLWTFGQGTKVEIK,IGHV1-2*02,IGHJ4*02,"IGHD4-17*01,IGHD4-23*01",IGKV3-11*01,IGKJ1*01,QSVSSY,DAS,QQRGNWLWT,GYTFTGYY,INPNSGGT,ARDDYPDYEVY,KU167157.1,KU167306.1,26631631,Andrews et al. Sci Transl Med 7:316ra192 (2015),Group 1,HA:Head,PCWilson_donor_014,B-cells;Influenza Human Vaccinee,,
